id,modulo,nivel,modelo,nome_do_teste,resultado,erro_ts_code,erro_mensagem,arquivo,linha
1,UsersService,unitario,chatgpt,UsersService create deve criar usuário com sucesso quando email não existe,passou,,,src/tests-ia/chatgpt/unit/users.service.spec.ts,
2,UsersService,unitario,chatgpt,UsersService create deve lançar ConflictException quando email já estiver em uso,passou,,,src/tests-ia/chatgpt/unit/users.service.spec.ts,
3,UsersService,unitario,chatgpt,UsersService create deve propagar erro se password estiver inválido,passou,,,src/tests-ia/chatgpt/unit/users.service.spec.ts,
4,UsersService,unitario,chatgpt,UsersService findOne deve retornar usuário quando encontrado,passou,,,src/tests-ia/chatgpt/unit/users.service.spec.ts,
5,UsersService,unitario,chatgpt,UsersService findOne deve lançar NotFoundException quando usuário não existir,passou,,,src/tests-ia/chatgpt/unit/users.service.spec.ts,
6,UsersService,unitario,chatgpt,UsersService findOne deve lançar erro para id vazio,passou,,,src/tests-ia/chatgpt/unit/users.service.spec.ts,
7,UsersService,unitario,chatgpt,UsersService findByEmail deve retornar usuário ao buscar por email,passou,,,src/tests-ia/chatgpt/unit/users.service.spec.ts,
8,UsersService,unitario,chatgpt,UsersService findByEmail deve retornar null quando email não existir,passou,,,src/tests-ia/chatgpt/unit/users.service.spec.ts,
9,UsersService,unitario,chatgpt,UsersService update deve atualizar usuário com sucesso sem alterar senha,passou,,,src/tests-ia/chatgpt/unit/users.service.spec.ts,
10,UsersService,unitario,chatgpt,UsersService update deve atualizar senha com hash quando password for enviada,passou,,,src/tests-ia/chatgpt/unit/users.service.spec.ts,
11,UsersService,unitario,chatgpt,UsersService update deve lançar ConflictException ao alterar para email já existente,passou,,,src/tests-ia/chatgpt/unit/users.service.spec.ts,
12,UsersService,unitario,chatgpt,UsersService softDelete deve desativar usuário com sucesso,passou,,,src/tests-ia/chatgpt/unit/users.service.spec.ts,
13,UsersService,unitario,chatgpt,UsersService softDelete deve lançar NotFoundException ao tentar deletar usuário inexistente,passou,,,src/tests-ia/chatgpt/unit/users.service.spec.ts,
14,EventsService,unitario,chatgpt,EventsService create deve criar evento com sucesso,passou,,,src/tests-ia/chatgpt/unit/events.service.spec.ts,
15,EventsService,unitario,chatgpt,EventsService create deve falhar ao criar evento com data inválida,passou,,,src/tests-ia/chatgpt/unit/events.service.spec.ts,
16,EventsService,unitario,chatgpt,EventsService create deve falhar ao criar evento com capacidade negativa,passou,,,src/tests-ia/chatgpt/unit/events.service.spec.ts,
17,EventsService,unitario,chatgpt,EventsService findAll deve retornar lista de eventos,passou,,,src/tests-ia/chatgpt/unit/events.service.spec.ts,
18,EventsService,unitario,chatgpt,EventsService findOne deve retornar evento quando encontrado,passou,,,src/tests-ia/chatgpt/unit/events.service.spec.ts,
19,EventsService,unitario,chatgpt,EventsService findOne deve lançar NotFoundException quando evento não existir,passou,,,src/tests-ia/chatgpt/unit/events.service.spec.ts,
20,EventsService,unitario,chatgpt,EventsService findOne deve lançar erro para id vazio,passou,,,src/tests-ia/chatgpt/unit/events.service.spec.ts,
21,EventsService,unitario,chatgpt,EventsService update deve atualizar evento com sucesso,passou,,,src/tests-ia/chatgpt/unit/events.service.spec.ts,
22,EventsService,unitario,chatgpt,EventsService update deve atualizar capacidade recalculando ingressos disponíveis,passou,,,src/tests-ia/chatgpt/unit/events.service.spec.ts,
23,EventsService,unitario,chatgpt,EventsService update deve lançar BadRequestException ao atualizar evento cancelado,passou,,,src/tests-ia/chatgpt/unit/events.service.spec.ts,
24,EventsService,unitario,chatgpt,EventsService update deve lançar BadRequestException se capacidade menor que vendidos,passou,,,src/tests-ia/chatgpt/unit/events.service.spec.ts,
25,EventsService,unitario,chatgpt,EventsService update deve converter data ao atualizar,passou,,,src/tests-ia/chatgpt/unit/events.service.spec.ts,
26,EventsService,unitario,chatgpt,EventsService cancel deve cancelar evento com sucesso quando nenhum ingresso foi vendido,passou,,,src/tests-ia/chatgpt/unit/events.service.spec.ts,
27,EventsService,unitario,chatgpt,EventsService cancel deve lançar BadRequestException quando evento já estiver cancelado,passou,,,src/tests-ia/chatgpt/unit/events.service.spec.ts,
28,EventsService,unitario,chatgpt,EventsService cancel deve lançar BadRequestException quando houver ingressos vendidos,passou,,,src/tests-ia/chatgpt/unit/events.service.spec.ts,
29,EventsService,unitario,chatgpt,EventsService cancel deve falhar para id vazio,passou,,,src/tests-ia/chatgpt/unit/events.service.spec.ts,
30,SalesService,unitario,chatgpt,SalesService create deve criar venda com sucesso e decrementar estoque,passou,,,src/tests-ia/chatgpt/unit/sales.service.spec.ts,
31,SalesService,unitario,chatgpt,SalesService create deve lançar NotFoundException quando ticket não existir,passou,,,src/tests-ia/chatgpt/unit/sales.service.spec.ts,
32,SalesService,unitario,chatgpt,SalesService create deve lançar BadRequestException quando estoque do ticket for insuficiente,passou,,,src/tests-ia/chatgpt/unit/sales.service.spec.ts,
33,SalesService,unitario,chatgpt,SalesService create deve lançar NotFoundException quando evento não existir,falhou,,"Expected substring: ""Event not found"" / Received message: ""Ticket not found""",src/tests-ia/chatgpt/unit/sales.service.spec.ts,
34,SalesService,unitario,chatgpt,SalesService create deve lançar BadRequestException quando evento não tiver ingressos disponíveis,passou,,,src/tests-ia/chatgpt/unit/sales.service.spec.ts,
35,SalesService,unitario,chatgpt,SalesService create deve falhar para quantidade inválida,falhou,,Received promise resolved instead of rejected,src/tests-ia/chatgpt/unit/sales.service.spec.ts,
36,SalesService,unitario,chatgpt,SalesService findByUser deve listar vendas do usuário ordenadas por data desc,passou,,,src/tests-ia/chatgpt/unit/sales.service.spec.ts,
37,SalesService,unitario,chatgpt,SalesService findOne deve retornar venda quando encontrada,passou,,,src/tests-ia/chatgpt/unit/sales.service.spec.ts,
38,SalesService,unitario,chatgpt,SalesService findOne deve lançar NotFoundException quando venda não existir,passou,,,src/tests-ia/chatgpt/unit/sales.service.spec.ts,
39,SalesService,unitario,chatgpt,SalesService cancel deve cancelar venda com sucesso e reverter estoque,passou,,,src/tests-ia/chatgpt/unit/sales.service.spec.ts,
40,SalesService,unitario,chatgpt,SalesService cancel deve lançar NotFoundException quando venda não existir,passou,,,src/tests-ia/chatgpt/unit/sales.service.spec.ts,
41,SalesService,unitario,chatgpt,SalesService cancel deve lançar BadRequestException quando venda já estiver cancelada,falhou,,"Expected substring: ""Sale is already cancelled"" / Received message: ""Sale not found""",src/tests-ia/chatgpt/unit/sales.service.spec.ts,
42,SalesService,unitario,chatgpt,SalesService cancel deve falhar para id vazio,passou,,,src/tests-ia/chatgpt/unit/sales.service.spec.ts,
43,UsersController,integracao,chatgpt,UsersController (integration) POST /users deve criar usuário com sucesso e retornar 201,passou,,,src/tests-ia/chatgpt/integration/users.controller.spec.ts,
44,UsersController,integracao,chatgpt,UsersController (integration) POST /users deve retornar 409 quando email já estiver em uso,passou,,,src/tests-ia/chatgpt/integration/users.controller.spec.ts,
45,UsersController,integracao,chatgpt,UsersController (integration) POST /users deve retornar 400 para payload inválido,passou,,,src/tests-ia/chatgpt/integration/users.controller.spec.ts,
46,UsersController,integracao,chatgpt,UsersController (integration) POST /users deve retornar 400 quando campos obrigatórios não forem enviados,passou,,,src/tests-ia/chatgpt/integration/users.controller.spec.ts,
47,UsersController,integracao,chatgpt,UsersController (integration) GET /users/:id deve buscar usuário com sucesso e retornar 200,passou,,,src/tests-ia/chatgpt/integration/users.controller.spec.ts,
48,UsersController,integracao,chatgpt,UsersController (integration) GET /users/:id deve retornar 404 quando usuário não existir,passou,,,src/tests-ia/chatgpt/integration/users.controller.spec.ts,
49,UsersController,integracao,chatgpt,UsersController (integration) GET /users/:id deve retornar 401 sem token JWT,passou,,,src/tests-ia/chatgpt/integration/users.controller.spec.ts,
50,UsersController,integracao,chatgpt,UsersController (integration) PUT /users/:id deve atualizar usuário com sucesso e retornar 200,passou,,,src/tests-ia/chatgpt/integration/users.controller.spec.ts,
51,UsersController,integracao,chatgpt,UsersController (integration) PUT /users/:id deve retornar 404 ao atualizar usuário inexistente,passou,,,src/tests-ia/chatgpt/integration/users.controller.spec.ts,
52,UsersController,integracao,chatgpt,UsersController (integration) PUT /users/:id deve retornar 409 ao atualizar email para um já existente,passou,,,src/tests-ia/chatgpt/integration/users.controller.spec.ts,
53,UsersController,integracao,chatgpt,UsersController (integration) PUT /users/:id deve retornar 400 para payload inválido,passou,,,src/tests-ia/chatgpt/integration/users.controller.spec.ts,
54,UsersController,integracao,chatgpt,UsersController (integration) PUT /users/:id deve retornar 401 sem token,passou,,,src/tests-ia/chatgpt/integration/users.controller.spec.ts,
55,UsersController,integracao,chatgpt,UsersController (integration) DELETE /users/:id deve desativar usuário com sucesso e retornar 204,passou,,,src/tests-ia/chatgpt/integration/users.controller.spec.ts,
56,UsersController,integracao,chatgpt,UsersController (integration) DELETE /users/:id deve retornar 404 ao deletar usuário inexistente,passou,,,src/tests-ia/chatgpt/integration/users.controller.spec.ts,
57,UsersController,integracao,chatgpt,UsersController (integration) DELETE /users/:id deve retornar 401 sem token JWT,passou,,,src/tests-ia/chatgpt/integration/users.controller.spec.ts,
58,EventsController,integracao,chatgpt,EventsController (integration) GET /events deve listar eventos com sucesso e retornar 200,passou,,,src/tests-ia/chatgpt/integration/events.controller.spec.ts,
59,EventsController,integracao,chatgpt,EventsController (integration) GET /events deve retornar lista vazia quando não houver eventos,passou,,,src/tests-ia/chatgpt/integration/events.controller.spec.ts,
60,EventsController,integracao,chatgpt,EventsController (integration) GET /events/:id deve buscar evento por id com sucesso e retornar 200,passou,,,src/tests-ia/chatgpt/integration/events.controller.spec.ts,
61,EventsController,integracao,chatgpt,EventsController (integration) GET /events/:id deve retornar 404 quando evento não existir,passou,,,src/tests-ia/chatgpt/integration/events.controller.spec.ts,
62,EventsController,integracao,chatgpt,EventsController (integration) POST /events deve criar evento com sucesso e retornar 201,passou,,,src/tests-ia/chatgpt/integration/events.controller.spec.ts,
63,EventsController,integracao,chatgpt,EventsController (integration) POST /events deve retornar 401 ao criar evento sem token JWT,passou,,,src/tests-ia/chatgpt/integration/events.controller.spec.ts,
64,EventsController,integracao,chatgpt,EventsController (integration) POST /events deve retornar 400 para payload inválido,passou,,,src/tests-ia/chatgpt/integration/events.controller.spec.ts,
65,EventsController,integracao,chatgpt,EventsController (integration) POST /events deve retornar 400 quando campos obrigatórios não forem enviados,passou,,,src/tests-ia/chatgpt/integration/events.controller.spec.ts,
66,EventsController,integracao,chatgpt,EventsController (integration) PUT /events/:id deve atualizar evento com sucesso e retornar 200,passou,,,src/tests-ia/chatgpt/integration/events.controller.spec.ts,
67,EventsController,integracao,chatgpt,EventsController (integration) PUT /events/:id deve retornar 404 ao atualizar evento inexistente,passou,,,src/tests-ia/chatgpt/integration/events.controller.spec.ts,
68,EventsController,integracao,chatgpt,EventsController (integration) PUT /events/:id deve retornar 401 sem token JWT,passou,,,src/tests-ia/chatgpt/integration/events.controller.spec.ts,
69,EventsController,integracao,chatgpt,EventsController (integration) PUT /events/:id deve retornar 400 para payload inválido,passou,,,src/tests-ia/chatgpt/integration/events.controller.spec.ts,
70,EventsController,integracao,chatgpt,EventsController (integration) POST /events/:id/cancel deve cancelar evento com sucesso e retornar 200,passou,,,src/tests-ia/chatgpt/integration/events.controller.spec.ts,
71,EventsController,integracao,chatgpt,EventsController (integration) POST /events/:id/cancel deve retornar 404 ao cancelar evento inexistente,passou,,,src/tests-ia/chatgpt/integration/events.controller.spec.ts,
72,EventsController,integracao,chatgpt,EventsController (integration) POST /events/:id/cancel deve retornar 401 ao cancelar evento sem token,passou,,,src/tests-ia/chatgpt/integration/events.controller.spec.ts,
73,EventsController,integracao,chatgpt,EventsController (integration) POST /events/:id/cancel deve retornar 400 ao cancelar evento já cancelado,passou,,,src/tests-ia/chatgpt/integration/events.controller.spec.ts,
74,SalesController,integracao,chatgpt,SalesController (integration) POST /sales deve criar venda com sucesso e retornar 201,passou,,,src/tests-ia/chatgpt/integration/sales.controller.spec.ts,
75,SalesController,integracao,chatgpt,SalesController (integration) POST /sales deve retornar 401 ao criar venda sem token JWT,passou,,,src/tests-ia/chatgpt/integration/sales.controller.spec.ts,
76,SalesController,integracao,chatgpt,SalesController (integration) POST /sales deve retornar 404 quando ticket não existir,passou,,,src/tests-ia/chatgpt/integration/sales.controller.spec.ts,
77,SalesController,integracao,chatgpt,SalesController (integration) POST /sales deve retornar 400 quando estoque for insuficiente,passou,,,src/tests-ia/chatgpt/integration/sales.controller.spec.ts,
78,SalesController,integracao,chatgpt,SalesController (integration) POST /sales deve retornar 400 para payload inválido,passou,,,src/tests-ia/chatgpt/integration/sales.controller.spec.ts,
79,SalesController,integracao,chatgpt,SalesController (integration) GET /sales/user/:userId deve listar vendas do usuário com sucesso e retornar 200,passou,,,src/tests-ia/chatgpt/integration/sales.controller.spec.ts,
80,SalesController,integracao,chatgpt,SalesController (integration) GET /sales/user/:userId deve retornar lista vazia para usuário sem vendas,passou,,,src/tests-ia/chatgpt/integration/sales.controller.spec.ts,
81,SalesController,integracao,chatgpt,SalesController (integration) GET /sales/user/:userId deve retornar 401 sem token JWT,passou,,,src/tests-ia/chatgpt/integration/sales.controller.spec.ts,
82,SalesController,integracao,chatgpt,SalesController (integration) GET /sales/:id deve buscar venda por id com sucesso e retornar 200,passou,,,src/tests-ia/chatgpt/integration/sales.controller.spec.ts,
83,SalesController,integracao,chatgpt,SalesController (integration) GET /sales/:id deve retornar 404 quando venda não existir,passou,,,src/tests-ia/chatgpt/integration/sales.controller.spec.ts,
84,SalesController,integracao,chatgpt,SalesController (integration) GET /sales/:id deve retornar 401 sem token JWT,passou,,,src/tests-ia/chatgpt/integration/sales.controller.spec.ts,
85,SalesController,integracao,chatgpt,SalesController (integration) POST /sales/:id/cancel deve cancelar venda com sucesso e retornar 200,passou,,,src/tests-ia/chatgpt/integration/sales.controller.spec.ts,
86,SalesController,integracao,chatgpt,SalesController (integration) POST /sales/:id/cancel deve retornar 400 quando venda já estiver cancelada,passou,,,src/tests-ia/chatgpt/integration/sales.controller.spec.ts,
87,SalesController,integracao,chatgpt,SalesController (integration) POST /sales/:id/cancel deve retornar 404 quando venda não existir,passou,,,src/tests-ia/chatgpt/integration/sales.controller.spec.ts,
88,SalesController,integracao,chatgpt,SalesController (integration) POST /sales/:id/cancel deve retornar 401 sem token JWT,passou,,,src/tests-ia/chatgpt/integration/sales.controller.spec.ts,
89,UsersService,unitario,deepseek,UsersService create should successfully create a new user when email is not in use,passou,,,src/tests-ia/deepseek/unit/users.service.spec.ts,
90,UsersService,unitario,deepseek,UsersService create should throw ConflictException when email already exists,passou,,,src/tests-ia/deepseek/unit/users.service.spec.ts,
91,UsersService,unitario,deepseek,"UsersService create should validate input data (email format, password presence)",passou,,,src/tests-ia/deepseek/unit/users.service.spec.ts,
92,UsersService,unitario,deepseek,UsersService findOne should successfully find and return a user by id,passou,,,src/tests-ia/deepseek/unit/users.service.spec.ts,
93,UsersService,unitario,deepseek,UsersService findOne should throw NotFoundException when user does not exist,passou,,,src/tests-ia/deepseek/unit/users.service.spec.ts,
94,UsersService,unitario,deepseek,"UsersService findOne should validate id format (accepts any string, validation should be at controller level)",passou,,,src/tests-ia/deepseek/unit/users.service.spec.ts,
95,UsersService,unitario,deepseek,UsersService findByEmail should successfully find and return a user by email,passou,,,src/tests-ia/deepseek/unit/users.service.spec.ts,
96,UsersService,unitario,deepseek,UsersService findByEmail should return null when user is not found by email,passou,,,src/tests-ia/deepseek/unit/users.service.spec.ts,
97,UsersService,unitario,deepseek,"UsersService findByEmail should validate email format (accepts any string, validation should be at controller level)",passou,,,src/tests-ia/deepseek/unit/users.service.spec.ts,
98,UsersService,unitario,deepseek,UsersService update should successfully update user without changing email,passou,,,src/tests-ia/deepseek/unit/users.service.spec.ts,
99,UsersService,unitario,deepseek,UsersService update should successfully update user with new email when email is not in use,passou,,,src/tests-ia/deepseek/unit/users.service.spec.ts,
100,UsersService,unitario,deepseek,UsersService update should successfully update user with new password by hashing it,passou,,,src/tests-ia/deepseek/unit/users.service.spec.ts,
101,UsersService,unitario,deepseek,UsersService update should throw ConflictException when updating to an email that is already in use,falhou,,"Expected substring: ""Email already in use"" / Received message: ""User not found""",src/tests-ia/deepseek/unit/users.service.spec.ts,
102,UsersService,unitario,deepseek,UsersService update should throw NotFoundException when trying to update a non-existent user,passou,,,src/tests-ia/deepseek/unit/users.service.spec.ts,
103,UsersService,unitario,deepseek,UsersService update should not check email existence if email is the same as current user email,passou,,,src/tests-ia/deepseek/unit/users.service.spec.ts,
104,UsersService,unitario,deepseek,UsersService update should handle updating multiple fields simultaneously,passou,,,src/tests-ia/deepseek/unit/users.service.spec.ts,
105,UsersService,unitario,deepseek,UsersService softDelete should successfully soft delete a user by setting isActive to false,passou,,,src/tests-ia/deepseek/unit/users.service.spec.ts,
106,UsersService,unitario,deepseek,UsersService softDelete should throw NotFoundException when trying to soft delete a non-existent user,passou,,,src/tests-ia/deepseek/unit/users.service.spec.ts,
107,UsersService,unitario,deepseek,UsersService softDelete should allow soft deleting an already inactive user,passou,,,src/tests-ia/deepseek/unit/users.service.spec.ts,
108,EventsService,unitario,deepseek,create > should successfully create a new event,nao_executado,TS2352,Conversion of type '{ id: string; name: string; description: string; date: Date; location: string; capacity: number; availableTickets: number; status: EventStatus.ACTIVE; createdBy: User; tickets: never[]; createdAt: Date; updatedAt: Date; }' to type 'Event' may be a mistake because neither type suf,src/tests-ia/deepseek/unit/events.service.spec.ts,27
109,EventsService,unitario,deepseek,should handle date conversion correctly,nao_executado,TS2352,Conversion of type '{ id: string; name: string; description: string; date: Date; location: string; capacity: number; availableTickets: number; status: EventStatus.ACTIVE; createdBy: User; tickets: never[]; createdAt: Date; updatedAt: Date; }' to type 'Event' may be a mistake because neither type suf,src/tests-ia/deepseek/unit/events.service.spec.ts,27
110,EventsService,unitario,deepseek,should validate input data - capacity must be positive,nao_executado,TS2352,Conversion of type '{ id: string; name: string; description: string; date: Date; location: string; capacity: number; availableTickets: number; status: EventStatus.ACTIVE; createdBy: User; tickets: never[]; createdAt: Date; updatedAt: Date; }' to type 'Event' may be a mistake because neither type suf,src/tests-ia/deepseek/unit/events.service.spec.ts,27
111,EventsService,unitario,deepseek,should handle missing optional fields in DTO,nao_executado,TS2352,Conversion of type '{ id: string; name: string; description: string; date: Date; location: string; capacity: number; availableTickets: number; status: EventStatus.ACTIVE; createdBy: User; tickets: never[]; createdAt: Date; updatedAt: Date; }' to type 'Event' may be a mistake because neither type suf,src/tests-ia/deepseek/unit/events.service.spec.ts,27
112,EventsService,unitario,deepseek,findAll > should successfully return all events,nao_executado,TS2352,Conversion of type '{ id: string; name: string; description: string; date: Date; location: string; capacity: number; availableTickets: number; status: EventStatus.ACTIVE; createdBy: User; tickets: never[]; createdAt: Date; updatedAt: Date; }' to type 'Event' may be a mistake because neither type suf,src/tests-ia/deepseek/unit/events.service.spec.ts,27
113,EventsService,unitario,deepseek,should return empty array when no events exist,nao_executado,TS2352,Conversion of type '{ id: string; name: string; description: string; date: Date; location: string; capacity: number; availableTickets: number; status: EventStatus.ACTIVE; createdBy: User; tickets: never[]; createdAt: Date; updatedAt: Date; }' to type 'Event' may be a mistake because neither type suf,src/tests-ia/deepseek/unit/events.service.spec.ts,27
114,EventsService,unitario,deepseek,findOne > should successfully find an event by id,nao_executado,TS2352,Conversion of type '{ id: string; name: string; description: string; date: Date; location: string; capacity: number; availableTickets: number; status: EventStatus.ACTIVE; createdBy: User; tickets: never[]; createdAt: Date; updatedAt: Date; }' to type 'Event' may be a mistake because neither type suf,src/tests-ia/deepseek/unit/events.service.spec.ts,27
115,EventsService,unitario,deepseek,should throw NotFoundException when event does not exist,nao_executado,TS2352,Conversion of type '{ id: string; name: string; description: string; date: Date; location: string; capacity: number; availableTickets: number; status: EventStatus.ACTIVE; createdBy: User; tickets: never[]; createdAt: Date; updatedAt: Date; }' to type 'Event' may be a mistake because neither type suf,src/tests-ia/deepseek/unit/events.service.spec.ts,27
116,EventsService,unitario,deepseek,should validate id format,nao_executado,TS2352,Conversion of type '{ id: string; name: string; description: string; date: Date; location: string; capacity: number; availableTickets: number; status: EventStatus.ACTIVE; createdBy: User; tickets: never[]; createdAt: Date; updatedAt: Date; }' to type 'Event' may be a mistake because neither type suf,src/tests-ia/deepseek/unit/events.service.spec.ts,27
117,EventsService,unitario,deepseek,update > should successfully update an event with valid data,nao_executado,TS2352,Conversion of type '{ id: string; name: string; description: string; date: Date; location: string; capacity: number; availableTickets: number; status: EventStatus.ACTIVE; createdBy: User; tickets: never[]; createdAt: Date; updatedAt: Date; }' to type 'Event' may be a mistake because neither type suf,src/tests-ia/deepseek/unit/events.service.spec.ts,27
118,EventsService,unitario,deepseek,should successfully update event capacity when no tickets sold,nao_executado,TS2352,Conversion of type '{ id: string; name: string; description: string; date: Date; location: string; capacity: number; availableTickets: number; status: EventStatus.ACTIVE; createdBy: User; tickets: never[]; createdAt: Date; updatedAt: Date; }' to type 'Event' may be a mistake because neither type suf,src/tests-ia/deepseek/unit/events.service.spec.ts,27
119,EventsService,unitario,deepseek,should successfully update event capacity when some tickets sold,nao_executado,TS2352,Conversion of type '{ id: string; name: string; description: string; date: Date; location: string; capacity: number; availableTickets: number; status: EventStatus.ACTIVE; createdBy: User; tickets: never[]; createdAt: Date; updatedAt: Date; }' to type 'Event' may be a mistake because neither type suf,src/tests-ia/deepseek/unit/events.service.spec.ts,27
120,EventsService,unitario,deepseek,should throw BadRequestException when updating a cancelled event,nao_executado,TS2352,Conversion of type '{ id: string; name: string; description: string; date: Date; location: string; capacity: number; availableTickets: number; status: EventStatus.ACTIVE; createdBy: User; tickets: never[]; createdAt: Date; updatedAt: Date; }' to type 'Event' may be a mistake because neither type suf,src/tests-ia/deepseek/unit/events.service.spec.ts,27
121,EventsService,unitario,deepseek,should throw BadRequestException when reducing capacity below sold tickets,nao_executado,TS2352,Conversion of type '{ id: string; name: string; description: string; date: Date; location: string; capacity: number; availableTickets: number; status: EventStatus.ACTIVE; createdBy: User; tickets: never[]; createdAt: Date; updatedAt: Date; }' to type 'Event' may be a mistake because neither type suf,src/tests-ia/deepseek/unit/events.service.spec.ts,27
122,EventsService,unitario,deepseek,should not update capacity if not provided in DTO,nao_executado,TS2352,Conversion of type '{ id: string; name: string; description: string; date: Date; location: string; capacity: number; availableTickets: number; status: EventStatus.ACTIVE; createdBy: User; tickets: never[]; createdAt: Date; updatedAt: Date; }' to type 'Event' may be a mistake because neither type suf,src/tests-ia/deepseek/unit/events.service.spec.ts,27
123,EventsService,unitario,deepseek,should update date when provided in DTO,nao_executado,TS2352,Conversion of type '{ id: string; name: string; description: string; date: Date; location: string; capacity: number; availableTickets: number; status: EventStatus.ACTIVE; createdBy: User; tickets: never[]; createdAt: Date; updatedAt: Date; }' to type 'Event' may be a mistake because neither type suf,src/tests-ia/deepseek/unit/events.service.spec.ts,27
124,EventsService,unitario,deepseek,should handle partial updates correctly,nao_executado,TS2352,Conversion of type '{ id: string; name: string; description: string; date: Date; location: string; capacity: number; availableTickets: number; status: EventStatus.ACTIVE; createdBy: User; tickets: never[]; createdAt: Date; updatedAt: Date; }' to type 'Event' may be a mistake because neither type suf,src/tests-ia/deepseek/unit/events.service.spec.ts,27
125,EventsService,unitario,deepseek,should throw NotFoundException when trying to update non-existent event,nao_executado,TS2352,Conversion of type '{ id: string; name: string; description: string; date: Date; location: string; capacity: number; availableTickets: number; status: EventStatus.ACTIVE; createdBy: User; tickets: never[]; createdAt: Date; updatedAt: Date; }' to type 'Event' may be a mistake because neither type suf,src/tests-ia/deepseek/unit/events.service.spec.ts,27
126,EventsService,unitario,deepseek,cancel > should successfully cancel an active event with no tickets sold,nao_executado,TS2352,Conversion of type '{ id: string; name: string; description: string; date: Date; location: string; capacity: number; availableTickets: number; status: EventStatus.ACTIVE; createdBy: User; tickets: never[]; createdAt: Date; updatedAt: Date; }' to type 'Event' may be a mistake because neither type suf,src/tests-ia/deepseek/unit/events.service.spec.ts,27
127,EventsService,unitario,deepseek,should throw BadRequestException when event is already cancelled,nao_executado,TS2352,Conversion of type '{ id: string; name: string; description: string; date: Date; location: string; capacity: number; availableTickets: number; status: EventStatus.ACTIVE; createdBy: User; tickets: never[]; createdAt: Date; updatedAt: Date; }' to type 'Event' may be a mistake because neither type suf,src/tests-ia/deepseek/unit/events.service.spec.ts,27
128,EventsService,unitario,deepseek,should throw BadRequestException when event has tickets sold,nao_executado,TS2352,Conversion of type '{ id: string; name: string; description: string; date: Date; location: string; capacity: number; availableTickets: number; status: EventStatus.ACTIVE; createdBy: User; tickets: never[]; createdAt: Date; updatedAt: Date; }' to type 'Event' may be a mistake because neither type suf,src/tests-ia/deepseek/unit/events.service.spec.ts,27
129,EventsService,unitario,deepseek,should calculate sold tickets correctly for cancellation check,nao_executado,TS2352,Conversion of type '{ id: string; name: string; description: string; date: Date; location: string; capacity: number; availableTickets: number; status: EventStatus.ACTIVE; createdBy: User; tickets: never[]; createdAt: Date; updatedAt: Date; }' to type 'Event' may be a mistake because neither type suf,src/tests-ia/deepseek/unit/events.service.spec.ts,27
130,EventsService,unitario,deepseek,should throw NotFoundException when trying to cancel non-existent event,nao_executado,TS2352,Conversion of type '{ id: string; name: string; description: string; date: Date; location: string; capacity: number; availableTickets: number; status: EventStatus.ACTIVE; createdBy: User; tickets: never[]; createdAt: Date; updatedAt: Date; }' to type 'Event' may be a mistake because neither type suf,src/tests-ia/deepseek/unit/events.service.spec.ts,27
131,EventsService,unitario,deepseek,should validate event id for cancellation,nao_executado,TS2352,Conversion of type '{ id: string; name: string; description: string; date: Date; location: string; capacity: number; availableTickets: number; status: EventStatus.ACTIVE; createdBy: User; tickets: never[]; createdAt: Date; updatedAt: Date; }' to type 'Event' may be a mistake because neither type suf,src/tests-ia/deepseek/unit/events.service.spec.ts,27
132,EventsService,unitario,deepseek,should preserve all other event properties when cancelling,nao_executado,TS2352,Conversion of type '{ id: string; name: string; description: string; date: Date; location: string; capacity: number; availableTickets: number; status: EventStatus.ACTIVE; createdBy: User; tickets: never[]; createdAt: Date; updatedAt: Date; }' to type 'Event' may be a mistake because neither type suf,src/tests-ia/deepseek/unit/events.service.spec.ts,27
133,EventsService,unitario,deepseek,Integration scenarios > should handle full lifecycle: create -> update -> cancel,nao_executado,TS2352,Conversion of type '{ id: string; name: string; description: string; date: Date; location: string; capacity: number; availableTickets: number; status: EventStatus.ACTIVE; createdBy: User; tickets: never[]; createdAt: Date; updatedAt: Date; }' to type 'Event' may be a mistake because neither type suf,src/tests-ia/deepseek/unit/events.service.spec.ts,27
134,EventsService,unitario,deepseek,should prevent update after cancellation,nao_executado,TS2352,Conversion of type '{ id: string; name: string; description: string; date: Date; location: string; capacity: number; availableTickets: number; status: EventStatus.ACTIVE; createdBy: User; tickets: never[]; createdAt: Date; updatedAt: Date; }' to type 'Event' may be a mistake because neither type suf,src/tests-ia/deepseek/unit/events.service.spec.ts,27
135,SalesService,unitario,deepseek,create > should successfully create a sale with valid data,nao_executado,TS2352,"Conversion of type '{ id: string; name: string; price: number; quantity: number; event: Event; createdAt: Date; updatedAt: Date; }' to type 'Ticket' may be a mistake because neither type sufficiently overlaps with the other. If this was intentional, convert the expression to 'unknown' first.",src/tests-ia/deepseek/unit/sales.service.spec.ts,30
136,SalesService,unitario,deepseek,should throw NotFoundException when ticket does not exist,nao_executado,TS2352,"Conversion of type '{ id: string; name: string; price: number; quantity: number; event: Event; createdAt: Date; updatedAt: Date; }' to type 'Ticket' may be a mistake because neither type sufficiently overlaps with the other. If this was intentional, convert the expression to 'unknown' first.",src/tests-ia/deepseek/unit/sales.service.spec.ts,30
137,SalesService,unitario,deepseek,should throw BadRequestException when ticket has insufficient quantity,nao_executado,TS2352,"Conversion of type '{ id: string; name: string; price: number; quantity: number; event: Event; createdAt: Date; updatedAt: Date; }' to type 'Ticket' may be a mistake because neither type sufficiently overlaps with the other. If this was intentional, convert the expression to 'unknown' first.",src/tests-ia/deepseek/unit/sales.service.spec.ts,30
138,SalesService,unitario,deepseek,should throw NotFoundException when event does not exist,nao_executado,TS2352,"Conversion of type '{ id: string; name: string; price: number; quantity: number; event: Event; createdAt: Date; updatedAt: Date; }' to type 'Ticket' may be a mistake because neither type sufficiently overlaps with the other. If this was intentional, convert the expression to 'unknown' first.",src/tests-ia/deepseek/unit/sales.service.spec.ts,30
139,SalesService,unitario,deepseek,should throw BadRequestException when event has insufficient available tickets,nao_executado,TS2352,"Conversion of type '{ id: string; name: string; price: number; quantity: number; event: Event; createdAt: Date; updatedAt: Date; }' to type 'Ticket' may be a mistake because neither type sufficiently overlaps with the other. If this was intentional, convert the expression to 'unknown' first.",src/tests-ia/deepseek/unit/sales.service.spec.ts,30
140,SalesService,unitario,deepseek,should validate input data - negative quantity,nao_executado,TS2352,"Conversion of type '{ id: string; name: string; price: number; quantity: number; event: Event; createdAt: Date; updatedAt: Date; }' to type 'Ticket' may be a mistake because neither type sufficiently overlaps with the other. If this was intentional, convert the expression to 'unknown' first.",src/tests-ia/deepseek/unit/sales.service.spec.ts,30
141,SalesService,unitario,deepseek,should handle zero quantity validation,nao_executado,TS2352,"Conversion of type '{ id: string; name: string; price: number; quantity: number; event: Event; createdAt: Date; updatedAt: Date; }' to type 'Ticket' may be a mistake because neither type sufficiently overlaps with the other. If this was intentional, convert the expression to 'unknown' first.",src/tests-ia/deepseek/unit/sales.service.spec.ts,30
142,SalesService,unitario,deepseek,findByUser > should successfully find all sales for a user,nao_executado,TS2352,"Conversion of type '{ id: string; name: string; price: number; quantity: number; event: Event; createdAt: Date; updatedAt: Date; }' to type 'Ticket' may be a mistake because neither type sufficiently overlaps with the other. If this was intentional, convert the expression to 'unknown' first.",src/tests-ia/deepseek/unit/sales.service.spec.ts,30
143,SalesService,unitario,deepseek,should return empty array when user has no sales,nao_executado,TS2352,"Conversion of type '{ id: string; name: string; price: number; quantity: number; event: Event; createdAt: Date; updatedAt: Date; }' to type 'Ticket' may be a mistake because neither type sufficiently overlaps with the other. If this was intentional, convert the expression to 'unknown' first.",src/tests-ia/deepseek/unit/sales.service.spec.ts,30
144,SalesService,unitario,deepseek,should validate user ID format,nao_executado,TS2352,"Conversion of type '{ id: string; name: string; price: number; quantity: number; event: Event; createdAt: Date; updatedAt: Date; }' to type 'Ticket' may be a mistake because neither type sufficiently overlaps with the other. If this was intentional, convert the expression to 'unknown' first.",src/tests-ia/deepseek/unit/sales.service.spec.ts,30
145,SalesService,unitario,deepseek,findOne > should successfully find a sale by id,nao_executado,TS2352,"Conversion of type '{ id: string; name: string; price: number; quantity: number; event: Event; createdAt: Date; updatedAt: Date; }' to type 'Ticket' may be a mistake because neither type sufficiently overlaps with the other. If this was intentional, convert the expression to 'unknown' first.",src/tests-ia/deepseek/unit/sales.service.spec.ts,30
146,SalesService,unitario,deepseek,should throw NotFoundException when sale does not exist,nao_executado,TS2352,"Conversion of type '{ id: string; name: string; price: number; quantity: number; event: Event; createdAt: Date; updatedAt: Date; }' to type 'Ticket' may be a mistake because neither type sufficiently overlaps with the other. If this was intentional, convert the expression to 'unknown' first.",src/tests-ia/deepseek/unit/sales.service.spec.ts,30
147,SalesService,unitario,deepseek,should validate id format,nao_executado,TS2352,"Conversion of type '{ id: string; name: string; price: number; quantity: number; event: Event; createdAt: Date; updatedAt: Date; }' to type 'Ticket' may be a mistake because neither type sufficiently overlaps with the other. If this was intentional, convert the expression to 'unknown' first.",src/tests-ia/deepseek/unit/sales.service.spec.ts,30
148,SalesService,unitario,deepseek,cancel > should successfully cancel a sale,nao_executado,TS2352,"Conversion of type '{ id: string; name: string; price: number; quantity: number; event: Event; createdAt: Date; updatedAt: Date; }' to type 'Ticket' may be a mistake because neither type sufficiently overlaps with the other. If this was intentional, convert the expression to 'unknown' first.",src/tests-ia/deepseek/unit/sales.service.spec.ts,30
149,SalesService,unitario,deepseek,should throw NotFoundException when sale does not exist,nao_executado,TS2352,"Conversion of type '{ id: string; name: string; price: number; quantity: number; event: Event; createdAt: Date; updatedAt: Date; }' to type 'Ticket' may be a mistake because neither type sufficiently overlaps with the other. If this was intentional, convert the expression to 'unknown' first.",src/tests-ia/deepseek/unit/sales.service.spec.ts,30
150,SalesService,unitario,deepseek,should throw BadRequestException when sale is already cancelled,nao_executado,TS2352,"Conversion of type '{ id: string; name: string; price: number; quantity: number; event: Event; createdAt: Date; updatedAt: Date; }' to type 'Ticket' may be a mistake because neither type sufficiently overlaps with the other. If this was intentional, convert the expression to 'unknown' first.",src/tests-ia/deepseek/unit/sales.service.spec.ts,30
151,SalesService,unitario,deepseek,should handle cancellation when ticket increments correctly,nao_executado,TS2352,"Conversion of type '{ id: string; name: string; price: number; quantity: number; event: Event; createdAt: Date; updatedAt: Date; }' to type 'Ticket' may be a mistake because neither type sufficiently overlaps with the other. If this was intentional, convert the expression to 'unknown' first.",src/tests-ia/deepseek/unit/sales.service.spec.ts,30
152,SalesService,unitario,deepseek,should validate sale id format for cancellation,nao_executado,TS2352,"Conversion of type '{ id: string; name: string; price: number; quantity: number; event: Event; createdAt: Date; updatedAt: Date; }' to type 'Ticket' may be a mistake because neither type sufficiently overlaps with the other. If this was intentional, convert the expression to 'unknown' first.",src/tests-ia/deepseek/unit/sales.service.spec.ts,30
153,UsersController,integracao,deepseek,POST /users > should successfully create a new user and return 201 Created,nao_executado,TS2345,Argument of type 'string | undefined' is not assignable to parameter of type 'string | Buffer<ArrayBufferLike>'.,src/tests-ia/deepseek/integration/users.controller.spec.ts,323
154,UsersController,integracao,deepseek,should return 400 Bad Request when email is already in use,nao_executado,TS2345,Argument of type 'string | undefined' is not assignable to parameter of type 'string | Buffer<ArrayBufferLike>'.,src/tests-ia/deepseek/integration/users.controller.spec.ts,323
155,UsersController,integracao,deepseek,should return 400 Bad Request when email format is invalid,nao_executado,TS2345,Argument of type 'string | undefined' is not assignable to parameter of type 'string | Buffer<ArrayBufferLike>'.,src/tests-ia/deepseek/integration/users.controller.spec.ts,323
156,UsersController,integracao,deepseek,should return 400 Bad Request when password is too short,nao_executado,TS2345,Argument of type 'string | undefined' is not assignable to parameter of type 'string | Buffer<ArrayBufferLike>'.,src/tests-ia/deepseek/integration/users.controller.spec.ts,323
157,UsersController,integracao,deepseek,should return 400 Bad Request when name is missing,nao_executado,TS2345,Argument of type 'string | undefined' is not assignable to parameter of type 'string | Buffer<ArrayBufferLike>'.,src/tests-ia/deepseek/integration/users.controller.spec.ts,323
158,UsersController,integracao,deepseek,should return 400 Bad Request when email is missing,nao_executado,TS2345,Argument of type 'string | undefined' is not assignable to parameter of type 'string | Buffer<ArrayBufferLike>'.,src/tests-ia/deepseek/integration/users.controller.spec.ts,323
159,UsersController,integracao,deepseek,should return 400 Bad Request when extra fields are provided,nao_executado,TS2345,Argument of type 'string | undefined' is not assignable to parameter of type 'string | Buffer<ArrayBufferLike>'.,src/tests-ia/deepseek/integration/users.controller.spec.ts,323
160,UsersController,integracao,deepseek,should hash the password before saving to database,nao_executado,TS2345,Argument of type 'string | undefined' is not assignable to parameter of type 'string | Buffer<ArrayBufferLike>'.,src/tests-ia/deepseek/integration/users.controller.spec.ts,323
161,UsersController,integracao,deepseek,GET /users/:id (Authenticated) > should successfully get user by id and return 200 OK,nao_executado,TS2345,Argument of type 'string | undefined' is not assignable to parameter of type 'string | Buffer<ArrayBufferLike>'.,src/tests-ia/deepseek/integration/users.controller.spec.ts,323
162,UsersController,integracao,deepseek,should return 401 Unauthorized when no JWT token is provided,nao_executado,TS2345,Argument of type 'string | undefined' is not assignable to parameter of type 'string | Buffer<ArrayBufferLike>'.,src/tests-ia/deepseek/integration/users.controller.spec.ts,323
163,UsersController,integracao,deepseek,should return 401 Unauthorized when invalid JWT token is provided,nao_executado,TS2345,Argument of type 'string | undefined' is not assignable to parameter of type 'string | Buffer<ArrayBufferLike>'.,src/tests-ia/deepseek/integration/users.controller.spec.ts,323
164,UsersController,integracao,deepseek,should return 404 Not Found when user does not exist,nao_executado,TS2345,Argument of type 'string | undefined' is not assignable to parameter of type 'string | Buffer<ArrayBufferLike>'.,src/tests-ia/deepseek/integration/users.controller.spec.ts,323
165,UsersController,integracao,deepseek,should return 400 Bad Request when id is not a valid UUID,nao_executado,TS2345,Argument of type 'string | undefined' is not assignable to parameter of type 'string | Buffer<ArrayBufferLike>'.,src/tests-ia/deepseek/integration/users.controller.spec.ts,323
166,UsersController,integracao,deepseek,PUT /users/:id (Authenticated) > should successfully update user and return 200 OK,nao_executado,TS2345,Argument of type 'string | undefined' is not assignable to parameter of type 'string | Buffer<ArrayBufferLike>'.,src/tests-ia/deepseek/integration/users.controller.spec.ts,323
167,UsersController,integracao,deepseek,should successfully update only name without changing email,nao_executado,TS2345,Argument of type 'string | undefined' is not assignable to parameter of type 'string | Buffer<ArrayBufferLike>'.,src/tests-ia/deepseek/integration/users.controller.spec.ts,323
168,UsersController,integracao,deepseek,should successfully update password and hash it,nao_executado,TS2345,Argument of type 'string | undefined' is not assignable to parameter of type 'string | Buffer<ArrayBufferLike>'.,src/tests-ia/deepseek/integration/users.controller.spec.ts,323
169,UsersController,integracao,deepseek,should return 409 Conflict when updating to an email that is already in use,nao_executado,TS2345,Argument of type 'string | undefined' is not assignable to parameter of type 'string | Buffer<ArrayBufferLike>'.,src/tests-ia/deepseek/integration/users.controller.spec.ts,323
170,UsersController,integracao,deepseek,should return 401 Unauthorized when updating without token,nao_executado,TS2345,Argument of type 'string | undefined' is not assignable to parameter of type 'string | Buffer<ArrayBufferLike>'.,src/tests-ia/deepseek/integration/users.controller.spec.ts,323
171,UsersController,integracao,deepseek,should return 404 Not Found when updating non-existent user,nao_executado,TS2345,Argument of type 'string | undefined' is not assignable to parameter of type 'string | Buffer<ArrayBufferLike>'.,src/tests-ia/deepseek/integration/users.controller.spec.ts,323
172,UsersController,integracao,deepseek,should return 400 Bad Request when updating with invalid email format,nao_executado,TS2345,Argument of type 'string | undefined' is not assignable to parameter of type 'string | Buffer<ArrayBufferLike>'.,src/tests-ia/deepseek/integration/users.controller.spec.ts,323
173,UsersController,integracao,deepseek,should return 400 Bad Request when updating with invalid UUID,nao_executado,TS2345,Argument of type 'string | undefined' is not assignable to parameter of type 'string | Buffer<ArrayBufferLike>'.,src/tests-ia/deepseek/integration/users.controller.spec.ts,323
174,UsersController,integracao,deepseek,DELETE /users/:id (Authenticated) > should successfully soft delete user and return 204 No Content,nao_executado,TS2345,Argument of type 'string | undefined' is not assignable to parameter of type 'string | Buffer<ArrayBufferLike>'.,src/tests-ia/deepseek/integration/users.controller.spec.ts,323
175,UsersController,integracao,deepseek,should return 401 Unauthorized when deleting without token,nao_executado,TS2345,Argument of type 'string | undefined' is not assignable to parameter of type 'string | Buffer<ArrayBufferLike>'.,src/tests-ia/deepseek/integration/users.controller.spec.ts,323
176,UsersController,integracao,deepseek,should return 404 Not Found when deleting non-existent user,nao_executado,TS2345,Argument of type 'string | undefined' is not assignable to parameter of type 'string | Buffer<ArrayBufferLike>'.,src/tests-ia/deepseek/integration/users.controller.spec.ts,323
177,UsersController,integracao,deepseek,should return 400 Bad Request when deleting with invalid UUID,nao_executado,TS2345,Argument of type 'string | undefined' is not assignable to parameter of type 'string | Buffer<ArrayBufferLike>'.,src/tests-ia/deepseek/integration/users.controller.spec.ts,323
178,UsersController,integracao,deepseek,should allow soft deleting an already inactive user,nao_executado,TS2345,Argument of type 'string | undefined' is not assignable to parameter of type 'string | Buffer<ArrayBufferLike>'.,src/tests-ia/deepseek/integration/users.controller.spec.ts,323
179,UsersController,integracao,deepseek,E2E Scenarios > should complete full user lifecycle: create -> read -> update -> delete,nao_executado,TS2345,Argument of type 'string | undefined' is not assignable to parameter of type 'string | Buffer<ArrayBufferLike>'.,src/tests-ia/deepseek/integration/users.controller.spec.ts,323
180,UsersController,integracao,deepseek,should not allow access to soft deleted user,nao_executado,TS2345,Argument of type 'string | undefined' is not assignable to parameter of type 'string | Buffer<ArrayBufferLike>'.,src/tests-ia/deepseek/integration/users.controller.spec.ts,323
181,UsersController,integracao,deepseek,Authentication and Authorization > should reject requests with expired JWT token,nao_executado,TS2345,Argument of type 'string | undefined' is not assignable to parameter of type 'string | Buffer<ArrayBufferLike>'.,src/tests-ia/deepseek/integration/users.controller.spec.ts,323
182,UsersController,integracao,deepseek,should reject requests with malformed Authorization header,nao_executado,TS2345,Argument of type 'string | undefined' is not assignable to parameter of type 'string | Buffer<ArrayBufferLike>'.,src/tests-ia/deepseek/integration/users.controller.spec.ts,323
183,UsersController,integracao,deepseek,should reject requests with empty Authorization header,nao_executado,TS2345,Argument of type 'string | undefined' is not assignable to parameter of type 'string | Buffer<ArrayBufferLike>'.,src/tests-ia/deepseek/integration/users.controller.spec.ts,323
184,EventsController,integracao,deepseek,GET /events > should successfully return all events and return 200 OK,nao_executado,TS2353,"Object literal may only specify known properties, and 'name' does not exist in type 'CreateEventDto'.",src/tests-ia/deepseek/integration/events.controller.spec.ts,33
185,EventsController,integracao,deepseek,should return empty array when no events exist,nao_executado,TS2353,"Object literal may only specify known properties, and 'name' does not exist in type 'CreateEventDto'.",src/tests-ia/deepseek/integration/events.controller.spec.ts,33
186,EventsController,integracao,deepseek,should return events with correct data types,nao_executado,TS2353,"Object literal may only specify known properties, and 'name' does not exist in type 'CreateEventDto'.",src/tests-ia/deepseek/integration/events.controller.spec.ts,33
187,EventsController,integracao,deepseek,GET /events/:id > should successfully return an event by id and return 200 OK,nao_executado,TS2353,"Object literal may only specify known properties, and 'name' does not exist in type 'CreateEventDto'.",src/tests-ia/deepseek/integration/events.controller.spec.ts,33
188,EventsController,integracao,deepseek,should return 404 Not Found when event does not exist,nao_executado,TS2353,"Object literal may only specify known properties, and 'name' does not exist in type 'CreateEventDto'.",src/tests-ia/deepseek/integration/events.controller.spec.ts,33
189,EventsController,integracao,deepseek,should return 400 Bad Request when id is not a valid UUID,nao_executado,TS2353,"Object literal may only specify known properties, and 'name' does not exist in type 'CreateEventDto'.",src/tests-ia/deepseek/integration/events.controller.spec.ts,33
190,EventsController,integracao,deepseek,POST /events (Authenticated) > should successfully create a new event and return 201 Created,nao_executado,TS2353,"Object literal may only specify known properties, and 'name' does not exist in type 'CreateEventDto'.",src/tests-ia/deepseek/integration/events.controller.spec.ts,33
191,EventsController,integracao,deepseek,should return 401 Unauthorized when no JWT token is provided,nao_executado,TS2353,"Object literal may only specify known properties, and 'name' does not exist in type 'CreateEventDto'.",src/tests-ia/deepseek/integration/events.controller.spec.ts,33
192,EventsController,integracao,deepseek,should return 401 Unauthorized when invalid JWT token is provided,nao_executado,TS2353,"Object literal may only specify known properties, and 'name' does not exist in type 'CreateEventDto'.",src/tests-ia/deepseek/integration/events.controller.spec.ts,33
193,EventsController,integracao,deepseek,should return 400 Bad Request when date is invalid,nao_executado,TS2353,"Object literal may only specify known properties, and 'name' does not exist in type 'CreateEventDto'.",src/tests-ia/deepseek/integration/events.controller.spec.ts,33
194,EventsController,integracao,deepseek,should return 400 Bad Request when capacity is negative,nao_executado,TS2353,"Object literal may only specify known properties, and 'name' does not exist in type 'CreateEventDto'.",src/tests-ia/deepseek/integration/events.controller.spec.ts,33
195,EventsController,integracao,deepseek,should return 400 Bad Request when capacity is not a number,nao_executado,TS2353,"Object literal may only specify known properties, and 'name' does not exist in type 'CreateEventDto'.",src/tests-ia/deepseek/integration/events.controller.spec.ts,33
196,EventsController,integracao,deepseek,should return 400 Bad Request when name is missing,nao_executado,TS2353,"Object literal may only specify known properties, and 'name' does not exist in type 'CreateEventDto'.",src/tests-ia/deepseek/integration/events.controller.spec.ts,33
197,EventsController,integracao,deepseek,should return 400 Bad Request when date is missing,nao_executado,TS2353,"Object literal may only specify known properties, and 'name' does not exist in type 'CreateEventDto'.",src/tests-ia/deepseek/integration/events.controller.spec.ts,33
198,EventsController,integracao,deepseek,should return 400 Bad Request when location is missing,nao_executado,TS2353,"Object literal may only specify known properties, and 'name' does not exist in type 'CreateEventDto'.",src/tests-ia/deepseek/integration/events.controller.spec.ts,33
199,EventsController,integracao,deepseek,should return 400 Bad Request when capacity is zero,nao_executado,TS2353,"Object literal may only specify known properties, and 'name' does not exist in type 'CreateEventDto'.",src/tests-ia/deepseek/integration/events.controller.spec.ts,33
200,EventsController,integracao,deepseek,should return 400 Bad Request when extra fields are provided,nao_executado,TS2353,"Object literal may only specify known properties, and 'name' does not exist in type 'CreateEventDto'.",src/tests-ia/deepseek/integration/events.controller.spec.ts,33
201,EventsController,integracao,deepseek,PUT /events/:id (Authenticated) > should successfully update an event and return 200 OK,nao_executado,TS2353,"Object literal may only specify known properties, and 'name' does not exist in type 'CreateEventDto'.",src/tests-ia/deepseek/integration/events.controller.spec.ts,33
202,EventsController,integracao,deepseek,should successfully update only name without changing other fields,nao_executado,TS2353,"Object literal may only specify known properties, and 'name' does not exist in type 'CreateEventDto'.",src/tests-ia/deepseek/integration/events.controller.spec.ts,33
203,EventsController,integracao,deepseek,should successfully update event capacity when no tickets sold,nao_executado,TS2353,"Object literal may only specify known properties, and 'name' does not exist in type 'CreateEventDto'.",src/tests-ia/deepseek/integration/events.controller.spec.ts,33
204,EventsController,integracao,deepseek,should return 401 Unauthorized when updating without token,nao_executado,TS2353,"Object literal may only specify known properties, and 'name' does not exist in type 'CreateEventDto'.",src/tests-ia/deepseek/integration/events.controller.spec.ts,33
205,EventsController,integracao,deepseek,should return 404 Not Found when updating non-existent event,nao_executado,TS2353,"Object literal may only specify known properties, and 'name' does not exist in type 'CreateEventDto'.",src/tests-ia/deepseek/integration/events.controller.spec.ts,33
206,EventsController,integracao,deepseek,should return 400 Bad Request when updating with invalid UUID,nao_executado,TS2353,"Object literal may only specify known properties, and 'name' does not exist in type 'CreateEventDto'.",src/tests-ia/deepseek/integration/events.controller.spec.ts,33
207,EventsController,integracao,deepseek,should return 400 Bad Request when updating with invalid date format,nao_executado,TS2353,"Object literal may only specify known properties, and 'name' does not exist in type 'CreateEventDto'.",src/tests-ia/deepseek/integration/events.controller.spec.ts,33
208,EventsController,integracao,deepseek,should return 400 Bad Request when updating with negative capacity,nao_executado,TS2353,"Object literal may only specify known properties, and 'name' does not exist in type 'CreateEventDto'.",src/tests-ia/deepseek/integration/events.controller.spec.ts,33
209,EventsController,integracao,deepseek,POST /events/:id/cancel (Authenticated) > should successfully cancel an active event with no tickets sold and return 200 OK,nao_executado,TS2353,"Object literal may only specify known properties, and 'name' does not exist in type 'CreateEventDto'.",src/tests-ia/deepseek/integration/events.controller.spec.ts,33
210,EventsController,integracao,deepseek,should return 400 Bad Request when cancelling event that already has tickets sold,nao_executado,TS2353,"Object literal may only specify known properties, and 'name' does not exist in type 'CreateEventDto'.",src/tests-ia/deepseek/integration/events.controller.spec.ts,33
211,EventsController,integracao,deepseek,should return 400 Bad Request when cancelling an already cancelled event,nao_executado,TS2353,"Object literal may only specify known properties, and 'name' does not exist in type 'CreateEventDto'.",src/tests-ia/deepseek/integration/events.controller.spec.ts,33
212,EventsController,integracao,deepseek,should return 401 Unauthorized when cancelling without token,nao_executado,TS2353,"Object literal may only specify known properties, and 'name' does not exist in type 'CreateEventDto'.",src/tests-ia/deepseek/integration/events.controller.spec.ts,33
213,EventsController,integracao,deepseek,should return 404 Not Found when cancelling non-existent event,nao_executado,TS2353,"Object literal may only specify known properties, and 'name' does not exist in type 'CreateEventDto'.",src/tests-ia/deepseek/integration/events.controller.spec.ts,33
214,EventsController,integracao,deepseek,should return 400 Bad Request when cancelling with invalid UUID,nao_executado,TS2353,"Object literal may only specify known properties, and 'name' does not exist in type 'CreateEventDto'.",src/tests-ia/deepseek/integration/events.controller.spec.ts,33
215,EventsController,integracao,deepseek,E2E Scenarios > should complete full event lifecycle: create -> read -> update -> cancel,nao_executado,TS2353,"Object literal may only specify known properties, and 'name' does not exist in type 'CreateEventDto'.",src/tests-ia/deepseek/integration/events.controller.spec.ts,33
216,EventsController,integracao,deepseek,should list events and show cancelled events,nao_executado,TS2353,"Object literal may only specify known properties, and 'name' does not exist in type 'CreateEventDto'.",src/tests-ia/deepseek/integration/events.controller.spec.ts,33
217,EventsController,integracao,deepseek,should handle concurrent event creation by different users,nao_executado,TS2353,"Object literal may only specify known properties, and 'name' does not exist in type 'CreateEventDto'.",src/tests-ia/deepseek/integration/events.controller.spec.ts,33
218,EventsController,integracao,deepseek,Public vs Protected Routes > should allow GET endpoints without authentication,nao_executado,TS2353,"Object literal may only specify known properties, and 'name' does not exist in type 'CreateEventDto'.",src/tests-ia/deepseek/integration/events.controller.spec.ts,33
219,EventsController,integracao,deepseek,"should require authentication for POST, PUT, and cancel endpoints",nao_executado,TS2353,"Object literal may only specify known properties, and 'name' does not exist in type 'CreateEventDto'.",src/tests-ia/deepseek/integration/events.controller.spec.ts,33
220,SalesController,integracao,deepseek,POST /sales (Authenticated) > should successfully create a new sale and return 201 Created,nao_executado,TS2740,"Type 'DeepPartial<Event>[]' is missing the following properties from type 'Event': id, title, description, date, and 6 more.",src/tests-ia/deepseek/integration/sales.controller.spec.ts,117
221,SalesController,integracao,deepseek,should return 401 Unauthorized when no JWT token is provided,nao_executado,TS2740,"Type 'DeepPartial<Event>[]' is missing the following properties from type 'Event': id, title, description, date, and 6 more.",src/tests-ia/deepseek/integration/sales.controller.spec.ts,117
222,SalesController,integracao,deepseek,should return 401 Unauthorized when invalid JWT token is provided,nao_executado,TS2740,"Type 'DeepPartial<Event>[]' is missing the following properties from type 'Event': id, title, description, date, and 6 more.",src/tests-ia/deepseek/integration/sales.controller.spec.ts,117
223,SalesController,integracao,deepseek,should return 404 Not Found when ticket does not exist,nao_executado,TS2740,"Type 'DeepPartial<Event>[]' is missing the following properties from type 'Event': id, title, description, date, and 6 more.",src/tests-ia/deepseek/integration/sales.controller.spec.ts,117
224,SalesController,integracao,deepseek,should return 400 Bad Request when ticket has insufficient quantity,nao_executado,TS2740,"Type 'DeepPartial<Event>[]' is missing the following properties from type 'Event': id, title, description, date, and 6 more.",src/tests-ia/deepseek/integration/sales.controller.spec.ts,117
225,SalesController,integracao,deepseek,should return 400 Bad Request when event has insufficient available tickets,nao_executado,TS2740,"Type 'DeepPartial<Event>[]' is missing the following properties from type 'Event': id, title, description, date, and 6 more.",src/tests-ia/deepseek/integration/sales.controller.spec.ts,117
226,SalesController,integracao,deepseek,should return 400 Bad Request when quantity is less than or equal to zero,nao_executado,TS2740,"Type 'DeepPartial<Event>[]' is missing the following properties from type 'Event': id, title, description, date, and 6 more.",src/tests-ia/deepseek/integration/sales.controller.spec.ts,117
227,SalesController,integracao,deepseek,should return 400 Bad Request when quantity is not a number,nao_executado,TS2740,"Type 'DeepPartial<Event>[]' is missing the following properties from type 'Event': id, title, description, date, and 6 more.",src/tests-ia/deepseek/integration/sales.controller.spec.ts,117
228,SalesController,integracao,deepseek,should return 400 Bad Request when ticketId is missing,nao_executado,TS2740,"Type 'DeepPartial<Event>[]' is missing the following properties from type 'Event': id, title, description, date, and 6 more.",src/tests-ia/deepseek/integration/sales.controller.spec.ts,117
229,SalesController,integracao,deepseek,should return 400 Bad Request when ticketId is not a valid UUID,nao_executado,TS2740,"Type 'DeepPartial<Event>[]' is missing the following properties from type 'Event': id, title, description, date, and 6 more.",src/tests-ia/deepseek/integration/sales.controller.spec.ts,117
230,SalesController,integracao,deepseek,should return 400 Bad Request when extra fields are provided,nao_executado,TS2740,"Type 'DeepPartial<Event>[]' is missing the following properties from type 'Event': id, title, description, date, and 6 more.",src/tests-ia/deepseek/integration/sales.controller.spec.ts,117
231,SalesController,integracao,deepseek,should correctly calculate total based on ticket price and quantity,nao_executado,TS2740,"Type 'DeepPartial<Event>[]' is missing the following properties from type 'Event': id, title, description, date, and 6 more.",src/tests-ia/deepseek/integration/sales.controller.spec.ts,117
232,SalesController,integracao,deepseek,GET /sales/user/:userId (Authenticated) > should successfully return all sales for a user and return 200 OK,nao_executado,TS2740,"Type 'DeepPartial<Event>[]' is missing the following properties from type 'Event': id, title, description, date, and 6 more.",src/tests-ia/deepseek/integration/sales.controller.spec.ts,117
233,SalesController,integracao,deepseek,should return empty array when user has no sales,nao_executado,TS2740,"Type 'DeepPartial<Event>[]' is missing the following properties from type 'Event': id, title, description, date, and 6 more.",src/tests-ia/deepseek/integration/sales.controller.spec.ts,117
234,SalesController,integracao,deepseek,should return 401 Unauthorized when no JWT token is provided,nao_executado,TS2740,"Type 'DeepPartial<Event>[]' is missing the following properties from type 'Event': id, title, description, date, and 6 more.",src/tests-ia/deepseek/integration/sales.controller.spec.ts,117
235,SalesController,integracao,deepseek,should return 400 Bad Request when userId is not a valid UUID,nao_executado,TS2740,"Type 'DeepPartial<Event>[]' is missing the following properties from type 'Event': id, title, description, date, and 6 more.",src/tests-ia/deepseek/integration/sales.controller.spec.ts,117
236,SalesController,integracao,deepseek,GET /sales/:id (Authenticated) > should successfully return a sale by id and return 200 OK,nao_executado,TS2740,"Type 'DeepPartial<Event>[]' is missing the following properties from type 'Event': id, title, description, date, and 6 more.",src/tests-ia/deepseek/integration/sales.controller.spec.ts,117
237,SalesController,integracao,deepseek,should return 401 Unauthorized when no JWT token is provided,nao_executado,TS2740,"Type 'DeepPartial<Event>[]' is missing the following properties from type 'Event': id, title, description, date, and 6 more.",src/tests-ia/deepseek/integration/sales.controller.spec.ts,117
238,SalesController,integracao,deepseek,should return 404 Not Found when sale does not exist,nao_executado,TS2740,"Type 'DeepPartial<Event>[]' is missing the following properties from type 'Event': id, title, description, date, and 6 more.",src/tests-ia/deepseek/integration/sales.controller.spec.ts,117
239,SalesController,integracao,deepseek,should return 400 Bad Request when id is not a valid UUID,nao_executado,TS2740,"Type 'DeepPartial<Event>[]' is missing the following properties from type 'Event': id, title, description, date, and 6 more.",src/tests-ia/deepseek/integration/sales.controller.spec.ts,117
240,SalesController,integracao,deepseek,POST /sales/:id/cancel (Authenticated) > should successfully cancel a sale and return 200 OK,nao_executado,TS2740,"Type 'DeepPartial<Event>[]' is missing the following properties from type 'Event': id, title, description, date, and 6 more.",src/tests-ia/deepseek/integration/sales.controller.spec.ts,117
241,SalesController,integracao,deepseek,should return 400 Bad Request when cancelling an already cancelled sale,nao_executado,TS2740,"Type 'DeepPartial<Event>[]' is missing the following properties from type 'Event': id, title, description, date, and 6 more.",src/tests-ia/deepseek/integration/sales.controller.spec.ts,117
242,SalesController,integracao,deepseek,should return 401 Unauthorized when cancelling without token,nao_executado,TS2740,"Type 'DeepPartial<Event>[]' is missing the following properties from type 'Event': id, title, description, date, and 6 more.",src/tests-ia/deepseek/integration/sales.controller.spec.ts,117
243,SalesController,integracao,deepseek,should return 404 Not Found when cancelling non-existent sale,nao_executado,TS2740,"Type 'DeepPartial<Event>[]' is missing the following properties from type 'Event': id, title, description, date, and 6 more.",src/tests-ia/deepseek/integration/sales.controller.spec.ts,117
244,SalesController,integracao,deepseek,should return 400 Bad Request when cancelling with invalid UUID,nao_executado,TS2740,"Type 'DeepPartial<Event>[]' is missing the following properties from type 'Event': id, title, description, date, and 6 more.",src/tests-ia/deepseek/integration/sales.controller.spec.ts,117
245,SalesController,integracao,deepseek,should restore ticket and event quantities correctly when cancelling,nao_executado,TS2740,"Type 'DeepPartial<Event>[]' is missing the following properties from type 'Event': id, title, description, date, and 6 more.",src/tests-ia/deepseek/integration/sales.controller.spec.ts,117
246,SalesController,integracao,deepseek,E2E Scenarios > should complete full sales lifecycle: create -> read -> cancel,nao_executado,TS2740,"Type 'DeepPartial<Event>[]' is missing the following properties from type 'Event': id, title, description, date, and 6 more.",src/tests-ia/deepseek/integration/sales.controller.spec.ts,117
247,SalesController,integracao,deepseek,should prevent double purchase when stock is insufficient,nao_executado,TS2740,"Type 'DeepPartial<Event>[]' is missing the following properties from type 'Event': id, title, description, date, and 6 more.",src/tests-ia/deepseek/integration/sales.controller.spec.ts,117
248,SalesController,integracao,deepseek,should handle multiple sales for different tickets,nao_executado,TS2740,"Type 'DeepPartial<Event>[]' is missing the following properties from type 'Event': id, title, description, date, and 6 more.",src/tests-ia/deepseek/integration/sales.controller.spec.ts,117
249,SalesController,integracao,deepseek,Authentication and Authorization > should reject requests with expired JWT token,nao_executado,TS2740,"Type 'DeepPartial<Event>[]' is missing the following properties from type 'Event': id, title, description, date, and 6 more.",src/tests-ia/deepseek/integration/sales.controller.spec.ts,117
250,SalesController,integracao,deepseek,should reject requests with malformed Authorization header,nao_executado,TS2740,"Type 'DeepPartial<Event>[]' is missing the following properties from type 'Event': id, title, description, date, and 6 more.",src/tests-ia/deepseek/integration/sales.controller.spec.ts,117
251,SalesController,integracao,deepseek,should reject requests with empty Authorization header,nao_executado,TS2740,"Type 'DeepPartial<Event>[]' is missing the following properties from type 'Event': id, title, description, date, and 6 more.",src/tests-ia/deepseek/integration/sales.controller.spec.ts,117
252,SalesController,integracao,deepseek,should require authentication for all endpoints,nao_executado,TS2740,"Type 'DeepPartial<Event>[]' is missing the following properties from type 'Event': id, title, description, date, and 6 more.",src/tests-ia/deepseek/integration/sales.controller.spec.ts,117
253,SalesController,integracao,deepseek,Business Rules Validation > should prevent selling more tickets than available,nao_executado,TS2740,"Type 'DeepPartial<Event>[]' is missing the following properties from type 'Event': id, title, description, date, and 6 more.",src/tests-ia/deepseek/integration/sales.controller.spec.ts,117
254,SalesController,integracao,deepseek,should prevent selling more tickets than event capacity,nao_executado,TS2740,"Type 'DeepPartial<Event>[]' is missing the following properties from type 'Event': id, title, description, date, and 6 more.",src/tests-ia/deepseek/integration/sales.controller.spec.ts,117
255,SalesController,integracao,deepseek,should maintain data consistency with concurrent sales (sequential test),nao_executado,TS2740,"Type 'DeepPartial<Event>[]' is missing the following properties from type 'Event': id, title, description, date, and 6 more.",src/tests-ia/deepseek/integration/sales.controller.spec.ts,117
